<?xml version="1.0" encoding="UTF-8"?>
<project-private xmlns="http://www.netbeans.org/ns/project-private/1">
    <editor-bookmarks xmlns="http://www.netbeans.org/ns/editor-bookmarks/2" lastBookmarkId="0"/>
    <open-files xmlns="http://www.netbeans.org/ns/projectui-open-files/2">
        <group>
            <file>file:/C:/Users/negro/OneDrive/Documentos/NetBeansProjects/Proyecto/src/conf/persistence.xml</file>
            <file>file:/C:/Users/negro/OneDrive/Documentos/NetBeansProjects/Proyecto/web/PlantillaInicial.xhtml</file>
            <file>file:/C:/Users/negro/OneDrive/Documentos/NetBeansProjects/Proyecto/web/META-INF/context.xml</file>
            <file>file:/C:/Users/negro/OneDrive/Documentos/NetBeansProjects/Proyecto/web/Vistas/Cliente/VitrinaProductos.xhtml</file>
            <file>file:/C:/Users/negro/OneDrive/Documentos/NetBeansProjects/Proyecto/web/Vistas/Administrador/RegistrarVendedor.xhtml</file>
            <file>file:/C:/Users/negro/OneDrive/Documentos/NetBeansProjects/Proyecto/src/java/com/controller/ClienteController.java</file>
            <file>file:/C:/Users/negro/OneDrive/Documentos/NetBeansProjects/Proyecto/src/java/com/entity/Venta.java</file>
            <file>file:/C:/Users/negro/OneDrive/Documentos/NetBeansProjects/Proyecto/web/Vistas/Cliente/RegistoCliente.xhtml</file>
            <file>file:/C:/Users/negro/OneDrive/Documentos/NetBeansProjects/Proyecto/web/Vistas/Cliente/MisCotizaciones.xhtml</file>
            <file>file:/C:/Users/negro/OneDrive/Documentos/NetBeansProjects/Proyecto/src/java/com/dao/ImplDao.java</file>
            <file>file:/C:/Users/negro/OneDrive/Documentos/NetBeansProjects/Proyecto/web/GUIVendedor.xhtml</file>
            <file>file:/C:/Users/negro/OneDrive/Documentos/NetBeansProjects/Proyecto/src/java/com/entity/Producto.java</file>
            <file>file:/C:/Users/negro/OneDrive/Documentos/NetBeansProjects/Proyecto/web/resources/css/estilo.css</file>
            <file>file:/C:/Users/negro/OneDrive/Documentos/NetBeansProjects/Proyecto/src/java/com/entity/Administrador.java</file>
            <file>file:/C:/Users/negro/OneDrive/Documentos/NetBeansProjects/Proyecto/src/java/com/controller/VendedorController.java</file>
            <file>file:/C:/Users/negro/OneDrive/Documentos/NetBeansProjects/Proyecto/src/java/com/entity/Cliente.java</file>
            <file>file:/C:/Users/negro/OneDrive/Documentos/NetBeansProjects/Proyecto/web/index.xhtml</file>
            <file>file:/C:/Users/negro/OneDrive/Documentos/NetBeansProjects/Proyecto/src/java/com/services/UsuarioServices.java</file>
            <file>file:/C:/Users/negro/OneDrive/Documentos/NetBeansProjects/Proyecto/web/Vistas/Vendedor/GestorCotizaciones.xhtml</file>
            <file>file:/C:/Users/negro/OneDrive/Documentos/NetBeansProjects/Proyecto/src/conf/MANIFEST.MF</file>
            <file>file:/C:/Users/negro/OneDrive/Documentos/NetBeansProjects/Proyecto/web/GUIAdministrador.xhtml</file>
            <file>file:/C:/Users/negro/OneDrive/Documentos/NetBeansProjects/Proyecto/web/Vistas/Vendedor/GestionProducto.xhtml</file>
            <file>file:/C:/Users/negro/OneDrive/Documentos/NetBeansProjects/Proyecto/src/java/com/entity/Usuario.java</file>
            <file>file:/C:/Users/negro/OneDrive/Documentos/NetBeansProjects/Proyecto/src/java/com/entity/DetalleVenta.java</file>
            <file>file:/C:/Users/negro/OneDrive/Documentos/NetBeansProjects/Proyecto/src/java/com/entity/DetalleCotizacion.java</file>
            <file>file:/C:/Users/negro/OneDrive/Documentos/NetBeansProjects/Proyecto/web/inicio.xhtml</file>
            <file>file:/C:/Users/negro/OneDrive/Documentos/NetBeansProjects/Proyecto/src/java/com/controller/UsuarioController.java</file>
            <file>file:/C:/Users/negro/OneDrive/Documentos/NetBeansProjects/Proyecto/web/Vistas/Administrador/Usuarios.xhtml</file>
            <file>file:/C:/Users/negro/OneDrive/Documentos/NetBeansProjects/Proyecto/web/GUICliente.xhtml</file>
            <file>file:/C:/Users/negro/OneDrive/Documentos/NetBeansProjects/Proyecto/web/Vistas/Cliente/PagoProducto.xhtml</file>
            <file>file:/C:/Users/negro/OneDrive/Documentos/NetBeansProjects/Proyecto/src/java/com/controller/CotizacionController.java</file>
            <file>file:/C:/Users/negro/OneDrive/Documentos/NetBeansProjects/Proyecto/src/java/com/entity/Promociones.java</file>
            <file>file:/C:/Users/negro/OneDrive/Documentos/NetBeansProjects/Proyecto/src/java/com/controller/ProductoController.java</file>
            <file>file:/C:/Users/negro/OneDrive/Documentos/NetBeansProjects/Proyecto/src/java/com/controller/AdministradorController.java</file>
            <file>file:/C:/Users/negro/OneDrive/Documentos/NetBeansProjects/Proyecto/src/java/com/entity/Cotizacion.java</file>
        </group>
    </open-files>
</project-private>
